Gender,Proficiency
Female,Intermediate
Male,Beginner
Male,Beginner
Male,Advanced
Female,Intermediate
Female,Beginner
Female,Beginner
Male,Intermediate
Male,Beginner
Male,Beginner
Female,Intermediate
Male,Intermediate
Male,Intermediate
Female,Intermediate
Female,Advanced
Female,Intermediate
Female,Intermediate
Male,Advanced
Female,Intermediate
Female,Advanced
Male,Intermediate
Female,Intermediate
Female,Beginner
Female,Intermediate
Female,Intermediate
Male,Beginner
Female,Advanced
Male,Intermediate
Male,Advanced
Female,Intermediate
Male,Advanced
Female,Intermediate
Female,Intermediate
Male,Intermediate
Male,Beginner
Male,Advanced
Female,Intermediate
Female,Beginner
Male,Intermediate
Female,Beginner
Female,Advanced
Female,Advanced
Female,Advanced
Male,Intermediate
Female,Beginner
Male,Advanced
Female,Intermediate
Male,Advanced
Male,Advanced
Female,Advanced
Male,Beginner
Male,Intermediate
Male,Advanced
Male,Intermediate
Male,Beginner
Male,Intermediate
Female,Advanced
Female,Intermediate
Female,Intermediate
Female,Beginner
Female,Intermediate
Female,Advanced
Male,Beginner
Female,Intermediate
Female,Advanced
Male,Advanced
Female,Intermediate
Male,Advanced
Female,Intermediate
Male,Beginner
Male,Advanced
Female,Advanced
Female,Advanced
Male,Advanced
Male,Intermediate
Male,Intermediate
Male,Advanced
Female,Intermediate
Female,Advanced
Female,Advanced
Male,Advanced
Male,Intermediate
Female,Intermediate
Female,Beginner
Female,Intermediate
Female,Beginner
Male,Intermediate
Male,Intermediate
Male,Beginner
Female,Intermediate
Female,Beginner
Male,Beginner
Male,Advanced
Male,Intermediate
Male,Beginner
Female,Intermediate
Male,Advanced
Female,Intermediate
Female,Intermediate
Female,Beginner
Female,Beginner
Male,Intermediate
Female,Intermediate
Male,Intermediate
Male,Advanced
Female,Advanced
Female,Intermediate
Male,Intermediate
Female,Advanced
Female,Intermediate
Female,Intermediate
Female,Beginner
Male,Beginner
Male,Advanced
Male,Advanced
Male,Intermediate
Male,Intermediate
Female,Beginner
Male,Beginner
Male,Beginner
Male,Intermediate
Male,Advanced
Female,Intermediate
Female,Intermediate
Female,Advanced
Female,Advanced
Male,Intermediate
Male,Intermediate
Female,Intermediate
Male,Beginner
Female,Intermediate
Female,Advanced
Female,Beginner
Female,Beginner
Male,Beginner
Female,Beginner
Male,Advanced
Male,Advanced
Female,Intermediate
Male,Beginner
Male,Intermediate
Female,Intermediate
Female,Beginner
Female,Intermediate
Female,Intermediate
Female,Intermediate
Male,Intermediate
Male,Beginner
Female,Intermediate
Female,Intermediate
Male,Intermediate
Female,Advanced
Female,Intermediate
Female,Beginner
Male,Beginner
Female,Intermediate
Male,Beginner
Male,Intermediate
Female,Advanced
Male,Intermediate
Female,Intermediate
Male,Intermediate
Male,Intermediate
Male,Intermediate
Female,Advanced
Male,Intermediate
Female,Advanced
Female,Advanced
Female,Beginner
Male,Beginner
Male,Beginner
Female,Beginner
Male,Beginner
Female,Intermediate
Male,Beginner
Female,Intermediate
Male,Advanced
Female,Beginner
Male,Advanced
Female,Intermediate
Female,Beginner
Female,Intermediate
Male,Intermediate
Male,Advanced
Female,Advanced
Male,Advanced
Male,Beginner
Male,Beginner
Male,Advanced
Female,Advanced
Female,Advanced
Male,Intermediate
Male,Intermediate
Male,Advanced
Female,Intermediate
Female,Advanced
Male,Advanced
Male,Intermediate
Male,Advanced
Male,Advanced
